user,texttweets
abundance	1
abundant	2
accessible	5
acclaim	1
accurate	12
accurately	1
achievement	1
adequate	10
advanced	2
advantage	3
advantageous	1
advocate	2
advocated	1
afford	3
amazed	1
amazing	7
ample	1
applaud	1
appreciate	2
appropriate	5
approval	3
approve	1
assurances	1
astounding	1
available	31
awards	1
awesome	4
beautiful	2
benefit	1
benefits	3
best	37
better	78
bless	1
bolster	1
bonus	1
boost	6
bravery	1
breakthrough	1
bright	3
brilliant	4
calm	2
capability	2
capable	1
cashback	1
celebrate	1
celebration	1
champion	1
charisma	1
cheaper	2
clean	4
clear	19
clearly	5
coherent	1
cohesive	1
comfort	3
comfortable	3
commitment	1
compassionate	1
compliant	15
comprehensive	12
congratulations	2
conscientious	1
considerate	1
consistent	3
consistently	2
contribution	1
convenient	1
convincing	1
cool	4
correct	5
correctly	6
courage	6
cozy	1
creative	1
credible	1
cure	7
dawn	1
decent	4
decisive	3
dedicated	1
defeat	2
delighted	1
dependable	1
diligent	2
diplomatic	1
dominate	1
eager	1
ease	2
easier	4
easing	1
easy	8
effective	51
effectively	7
effectiveness	1
efficacious	1
efficient	4
efficiently	3
elevate	1
empathy	2
encourage	7
encouraging	5
endearing	1
endorse	4
enjoy	2
enjoyed	1
enough	55
enthusiast	1
entice	1
equitable	1
ethical	38
exceed	1
exceedingly	1
exceeds	4
excel	2
excellent	5
exemplary	1
exquisite	1
fabulous	1
fair	1
faith	1
faithful	2
fame	1
fancy	1
fans	2
fantastic	1
fascinating	2
fast	18
faster	6
favor	3
favour	1
feasible	2
feat	1
fidelity	1
fine	12
finest	1
foremost	1
foresight	1
free	55
freedom	17
freedoms	3
fresh	3
friendly	1
fun	5
gain	2
gaining	1
gains	1
generous	1
genius	11
glad	4
glory	1
gold	6
golden	1
good	88
grace	2
grand	2
great	29
greatest	2
guarantee	2
guidance	4
handy	3
happy	3
harmony	3
headway	1
healthy	8
heartwarming	1
helped	8
helpful	4
helping	7
hero	1
heroic	1
heros	1
hilarious	1
honest	6
honor	1
honored	1
hopeful	5
hot	8
hug	2
humble	1
ideal	3
ideally	1
impeccable	1
important	26
impressed	2
impressive	1
improve	4
improved	3
improvement	2
improving	1
incredible	3
incredibly	2
indulgent	1
innocuous	1
innovation	1
innovative	3
inspire	2
instantly	1
intelligence	4
intelligent	1
interesting	3
interests	1
keen	1
lavish	2
lead	43
leading	10
leads	4
led	9
leverage	1
liberty	4
like	205
likes	3
logical	1
love	14
loved	3
lovely	1
lover	1
loves	2
loyal	2
loyalty	1
luck	1
lucky	7
lucrative	4
luxury	1
magical	2
manageable	6
master	2
masters	1
mature	1
meaningful	2
meticulous	1
mighty	1
miracle	2
miracles	1
miraculous	1
modern	1
modest	2
nice	8
noble	1
openly	1
optimism	1
optimistic	4
outdone	1
outstanding	1
overtaken	1
paramount	1
patient	7
patriot	3
patriotic	2
peace	1
peerless	1
perfect	3
perfectly	1
plentiful	1
polite	1
positive	83
positives	10
powerful	2
praise	2
precisely	2
preferably	1
premier	3
pretty	20
pride	1
prize	1
proactive	2
progress	9
progressive	1
promise	1
promised	3
promises	2
promising	1
prompt	2
promptly	1
proper	15
properly	8
prosperity	2
protect	32
protection	9
protective	4
proud	6
proven	7
proves	1
prudent	2
pure	2
purposeful	38
qualify	1
quicker	18
quiet	3
rapid	39
rational	2
readily	2
ready	17
realistic	2
reasonable	2
recommend	5
recommendations	3
recommended	2
recover	4
recovery	7
reforms	1
regard	1
reliable	5
relief	19
remarkable	3
respect	6
responsibly	1
revere	1
rich	5
right	74
robust	17
safe	32
safely	20
sane	5
satisfying	1
sensible	4
sensitive	14
sharp	2
significant	3
sincerity	1
smart	10
smarter	1
soft	1
solid	9
solidarity	1
sophisticated	1
spectacular	1
spectacularly	1
speedy	1
stable	11
steady	1
streamlined	1
strong	13
stronger	1
stunning	1
succeeded	4
succeeding	1
success	16
successful	21
successfully	4
sufficient	2
sufficiently	1
super	27
support	29
supported	3
supporter	1
supporting	2
supports	1
supremacy	1
supreme	3
sustainable	1
sweeping	1
sweet	2
swift	4
thank	10
thankful	1
thoughtful	1
thrive	1
thriving	2
timely	3
top	15
tops	1
tough	3
toughest	1
transparent	2
triumph	1
trophy	1
trump	286
trust	7
trusted	3
unbiased	1
unity	2
unquestionably	1
unreal	1
unwavering	1
useful	7
valor	1
valuable	1
versatility	2
vigilance	1
vigilant	1
virtue	1
warm	3
welcome	3
well	75
willing	5
willingly	1
willingness	2
win	17
windfall	1
winning	3
won	12
wonder	9
wonderfully	1
wonders	1
work	102
worked	19
works	22
worth	6
wow	7
