user,texttweets
abundance	1
accessible	6
accomplished	1
accomplishment	1
accurate	3
accurately	1
achievable	2
achievement	1
adequate	2
advanced	9
advantage	9
advantages	5
advocate	2
advocates	3
afford	2
affordable	1
amazing	14
amazingly	1
amusing	1
angelic	1
appreciate	2
appropriate	2
approval	1
assurance	1
assurances	2
astounding	1
autonomous	1
available	31
award	2
awarded	1
awards	2
awesome	3
backbone	1
balanced	1
beneficial	1
benefit	3
benefits	4
best	39
better	86
bonus	1
brave	2
bravo	1
breakthrough	1
brilliant	2
capability	19
capable	2
celebrate	1
cheery	1
classic	1
clean	1
clear	33
clearer	1
clearly	11
coherent	1
colorful	1
comfortable	1
commitment	1
compassion	2
compassionate	2
compatible	4
complement	1
complementary	2
compliant	5
comprehensive	8
concise	1
confidence	3
confident	5
congratulation	1
congratulations	1
consistent	4
consistently	1
contribution	1
convincing	1
cool	1
cooperative	1
correct	6
correctly	4
credible	1
darling	1
decent	4
decisive	1
dedicated	2
defeating	2
delighted	1
diligence	2
diligently	3
diplomatic	1
distinction	1
dominate	1
dominated	2
dote	1
eager	1
eagerness	1
ease	3
eased	1
eases	3
easier	21
easy	18
effective	63
effectively	16
effectiveness	7
efficient	9
efficiently	2
elegant	1
empathy	2
encourage	3
encouraging	4
endorsed	1
endorsement	1
endorses	1
enhance	1
enhanced	1
enjoy	2
enjoying	3
enough	47
excel	2
excellent	20
exceptional	1
excited	6
exemplary	1
expansive	1
facilitate	1
fair	7
fairly	5
fairness	2
faith	6
faithfully	1
fancy	1
fans	1
fantastic	2
fascinating	4
fast	24
faster	15
fastest	1
favor	1
favour	1
feasible	3
fine	10
flawless	1
flawlessly	1
flexible	1
formidable	1
fortunately	1
free	51
freedom	1
freedoms	3
fresh	1
friendly	1
ftw	2
fun	1
gain	3
gains	5
generous	1
genius	2
genuine	2
glad	3
gold	18
good	123
goodness	1
grand	1
grateful	4
gratification	2
gratitude	2
great	49
greatest	2
groundbreaking	2
guarantee	4
guidance	3
hail	1
happy	10
healthy	1
helped	9
helpful	2
helping	7
hero	1
heroic	1
hilarious	2
honest	6
hopeful	3
hot	3
humble	1
ideal	1
illuminating	1
important	45
impressive	5
improve	10
improved	9
improvement	2
improvements	1
improving	5
incredible	2
incredibly	2
innovation	3
insightful	1
inspirational	1
inspiring	1
instantly	1
instructive	3
integrated	4
intelligence	4
intelligent	1
interesting	9
interests	1
keen	1
kindness	2
kudos	1
lead	7
leading	7
lean	1
led	15
leverage	1
liberty	1
like	237
likes	3
love	16
loved	2
lovely	1
luck	2
lucky	9
magic	6
manageable	7
meaningful	1
mercy	1
meticulous	2
meticulously	1
modest	2
neat	1
nice	7
nicest	1
nifty	1
obsession	1
openness	1
optimistic	2
outperformed	1
outstanding	2
paramount	4
patience	1
patient	4
patriot	1
peace	3
peaceful	2
peach	1
perfect	10
perfectly	1
phenomenal	1
pleasant	1
pleased	4
positive	60
positives	12
powerful	5
praise	4
precise	4
precisely	3
prefer	1
preferring	1
premier	2
pretty	28
pride	1
privilege	1
privileged	2
proactive	8
progress	8
promise	1
promising	3
prompt	1
proper	15
properly	12
pros	1
protect	11
protection	10
protective	2
proud	3
proven	7
proves	3
quaint	1
quicker	7
rapid	30
rational	1
readily	3
ready	16
realistic	2
reasonable	3
reasonably	3
recommendation	1
recommendations	9
recommended	7
recover	1
recovery	3
reforms	1
refresh	1
regard	3
relaxed	5
reliable	4
relief	2
remarkably	1
respect	5
restored	3
restructured	1
revelation	1
rich	3
right	55
righteously	1
robust	15
safe	26
safely	9
salutary	1
satisfied	1
secure	3
securely	1
sensible	3
sensitive	1
serenity	1
sharp	5
shiny	1
significant	10
simplest	1
sincere	1
skilled	1
smart	10
smarter	2
smile	2
smooth	1
solid	1
sophisticated	1
speedy	7
stable	2
steady	1
striving	1
strong	16
strongest	1
stunning	1
succeed	3
succeeded	6
succeeding	2
success	30
successes	1
successful	27
successfully	13
suffice	1
sufficient	6
sufficiently	2
super	14
superb	3
superior	5
support	37
supported	8
supporter	1
supporting	5
supports	4
survival	1
sustainable	3
sweeping	1
swift	5
talent	1
talented	1
tempting	2
terrific	1
thank	7
thoughtful	1
thrill	1
tidy	1
timely	5
top	13
tough	7
transparent	3
trump	30
trust	13
trusted	2
trusting	1
trustworthy	1
truthful	1
unity	1
unparalleled	1
unrestricted	1
upgraded	1
useful	7
variety	1
verifiable	1
vigilance	1
vigilant	1
virtue	1
welcome	4
well	104
whoa	1
willing	4
willingness	1
win	6
winning	4
wins	6
wisdom	1
wise	3
won	13
wonder	6
wonders	1
work	123
worked	34
works	38
worth	10
wow	4
yay	1
