user,texttweets
accomplished	1
accurate	34
accurately	1
adequate	2
affluence	1
afford	2
amazing	2
ample	1
angel	1
appeal	1
appreciate	1
appropriate	4
approval	3
available	43
award	1
awesome	1
awsome	1
beloved	1
benefit	1
best	22
better	19
boom	2
boost	1
breakthrough	1
brilliant	2
capability	1
capable	1
cheaper	1
clear	16
clearly	8
coherent	1
comfortable	1
complement	1
compliant	1
confidence	1
confident	1
consistent	1
consistently	2
constructive	1
convenience	1
convenient	2
cool	1
correct	7
correctly	3
courage	1
cure	1
dawn	1
decent	1
defeated	1
delicious	1
delight	1
distinguished	2
ease	1
eased	1
easier	2
easing	1
easy	9
educated	1
effective	9
effectively	5
effectiveness	2
efficient	1
elite	1
encourage	1
endorsed	1
engaging	1
enjoying	1
enough	18
enthusiast	2
enviable	1
envious	1
exceed	1
exceedingly	1
excellency	1
excellent	2
facilitate	1
fair	2
fairly	4
faithfully	1
famous	1
fancy	1
fans	3
fast	8
faster	3
favor	4
favour	1
feasible	1
fine	5
foolproof	1
fortune	2
free	33
freedom	9
friendly	1
fun	2
gain	1
genuine	2
glad	1
gold	10
good	34
grand	1
grateful	3
great	16
greatest	2
guarantee	3
guidance	3
happily	1
happy	12
healthy	3
helpful	5
hero	1
hilarious	1
honest	1
hot	1
humour	1
ideal	4
immaculate	1
important	3
improve	1
improving	1
incredibly	1
integral	1
interesting	9
joy	1
keen	1
lead	3
leading	1
leads	3
led	2
like	70
liking	1
love	5
loved	1
lovely	2
lover	2
luck	4
lucky	6
magic	2
manageable	1
meaningful	1
miracle	1
nice	3
nicely	1
noble	2
obsession	2
openly	1
outstrip	1
overtake	1
overtaken	1
patience	1
patriot	1
peace	1
perfect	7
perfectly	2
pleasure	1
popular	3
positive	195
positives	73
powerful	1
precious	1
precise	1
prefer	2
premier	2
pretty	13
privilege	1
prize	4
productive	1
progress	2
promised	2
promises	1
promising	1
proper	6
properly	5
protection	1
protective	1
proud	1
proven	5
proves	3
proving	1
pure	2
qualified	2
qualify	1
quicker	3
quiet	3
rapid	78
readily	2
ready	4
recommend	3
recommendation	1
recommendations	1
recommended	4
recover	4
recovery	2
regard	1
relaxed	1
reliable	19
reliably	1
relief	1
remarkably	1
restructuring	1
right	36
rightly	1
robust	1
safe	13
saint	1
satisfactory	1
satisfy	1
secure	1
sensitive	23
significant	3
silent	1
smart	2
speedy	1
strong	1
strongest	1
stunning	1
stylized	1
subsidize	1
succeed	1
success	3
successful	8
suffice	1
sufficient	2
suitable	3
super	6
superb	2
support	7
supporter	1
supporting	3
sustainable	1
swift	1
tender	1
thank	3
thriving	1
tickle	1
top	9
tough	3
transparent	2
trivially	1
trust	3
truthful	1
unfettered	1
unquestionably	1
unrestricted	1
upgraded	2
useful	12
victory	1
warm	1
warmer	1
welcome	2
well	41
willing	1
willingly	1
win	1
winner	2
winning	2
wins	1
wise	2
won	8
wonder	8
wonderful	2
wonders	1
work	46
worked	5
works	4
worth	7
worthwhile	1
yay	1
