user,texttweets
accurate	18
acumen	2
advanced	1
afford	2
affordable	1
amazing	5
angel	1
appreciate	2
appreciated	2
appropriate	1
approval	13
astonishing	1
available	34
award	1
awards	1
beautiful	1
beauty	2
beneficiary	1
benefit	2
benefits	1
best	17
better	6
bless	1
boom	3
boost	2
breakthrough	6
breakthroughs	2
breeze	2
brighter	1
cheaper	10
cheapest	2
cheer	1
clear	21
cleared	3
clearer	1
clearly	1
clears	1
comfort	1
comfortable	3
complement	2
congratulations	1
considerate	1
continuity	1
cool	1
correct	6
correctly	1
credible	2
cure	1
cute	1
darling	1
dedicated	1
defeating	1
delighted	2
ease	3
eased	1
eases	3
easier	7
easing	2
easy	7
effective	15
effectively	2
effectiveness	1
efficient	2
encourage	4
endorse	3
enjoy	4
enjoying	1
enough	14
envy	2
exceeded	1
excellent	3
exemplary	1
facilitate	5
fair	2
faith	1
fans	5
fantastic	1
fascinating	1
fast	7
faster	11
favor	2
favour	1
fine	9
flexible	1
fortune	1
free	36
freedom	1
fresh	1
friendly	1
fun	2
gain	1
gaining	1
gem	1
generous	1
glad	1
gold	3
good	34
grand	1
grateful	2
great	21
guidance	6
hail	1
hale	1
happy	11
harmless	1
harmony	1
helped	1
helpful	2
helping	1
hero	1
honorable	1
hot	1
hottest	1
hug	2
idol	2
important	7
improved	1
improvement	1
improves	1
incredibly	3
innovation	1
instantly	2
integrated	1
interesting	10
joy	1
kindly	23
lead	1
leading	2
led	1
leverage	1
liberty	1
like	82
love	9
loved	1
lovely	1
luck	5
lucky	3
luxury	2
magic	1
merry	1
nice	7
nobly	1
overtaken	1
paradise	2
patient	9
perfect	1
pleasant	1
popular	1
portable	10
positive	113
positives	12
precious	1
prefer	1
premier	2
pretty	8
privilege	2
privileged	1
promise	1
promises	2
promising	1
promptly	1
properly	3
pros	1
protect	1
protective	3
proven	4
proves	1
qualify	1
quicker	3
rapid	123
ready	8
realistic	1
reasonable	2
recommend	3
recommendations	1
recommended	1
recovery	9
refreshing	1
refund	5
refunded	1
regard	1
relaxed	1
reliable	3
relief	5
respect	2
respectable	1
revelation	1
revive	2
rich	1
right	23
rightfully	1
robust	5
rosy	1
safe	16
saint	1
savvy	1
seamless	1
selective	1
sensible	1
sensitive	12
sharp	1
significant	2
silent	4
simpler	3
simplest	2
skill	1
smart	1
smooth	2
solid	2
stability	1
steady	1
striking	2
strong	1
stronger	1
success	4
successes	1
suffice	2
sufficient	6
suitable	1
super	7
superb	1
support	12
sweet	3
swift	3
tempt	1
thank	80
thankful	2
thrift	1
timely	2
top	8
tougher	1
transparent	1
trust	8
trustworthy	2
useful	2
wealthy	1
welcome	9
well	46
willing	1
win	5
won	3
wonder	8
wonderful	1
work	41
worked	1
works	10
worth	4
wow	7
