user,texttweets
accessible	1
accurate	8
adore	1
advanced	1
affordable	1
amazing	1
approval	4
astonished	1
available	29
awarded	1
beauty	1
beloved	1
best	16
better	10
bliss	2
bonus	1
bravo	2
bullish	1
capable	2
cheaper	3
cheapest	1
classic	2
clear	5
cleared	1
clearly	1
coherent	1
comfortable	1
compatible	1
consistently	3
convenience	1
conveniently	1
correct	3
correctly	1
cure	2
danke	1
daring	1
distinction	1
eased	2
eases	2
easier	4
easiest	1
easy	9
effective	3
effectively	1
efficient	3
elite	2
encourage	4
enjoy	1
enjoying	1
enough	9
entertain	1
entertaining	1
euphoria	1
extraordinary	1
fabulous	1
facilitate	1
fairly	2
fans	1
fast	2
favor	14
favour	1
fine	11
free	128
freedom	2
freedoms	1
fun	2
gain	1
gains	1
gem	1
glad	1
gold	3
good	14
grand	6
great	8
greatest	2
guarantee	1
guidance	4
gusto	2
happily	1
happy	6
healthy	2
hero	2
honest	4
ideal	2
impressed	1
improve	1
improved	2
intelligent	2
kindly	1
lead	2
leading	3
leads	1
like	41
love	5
loved	1
luck	2
lucky	3
lucrative	1
marvel	1
master	2
modern	1
nice	2
openly	2
pardon	2
passion	1
patriot	4
peace	1
perfect	3
permissible	1
popular	1
positive	72
positives	14
precise	1
prefer	1
promised	2
promptly	1
properly	3
pros	1
protect	3
proud	3
proven	1
proving	3
pure	1
rapid	95
readily	3
ready	1
reasonable	1
reassure	1
recommended	1
reconciliation	1
recovery	11
refund	2
regal	1
reliable	4
reliably	1
reputable	1
respect	5
rich	4
right	25
rosy	1
safe	2
safely	2
satisfy	1
savings	1
secure	1
sensation	1
sensible	3
sensitive	11
sexy	1
significant	1
silent	2
simplify	1
smart	1
smooth	1
solid	1
stability	1
stunned	1
subsidize	1
subsidized	1
subsidizing	1
succes	1
suffice	4
sufficient	5
sufficiently	1
suitable	2
super	7
superior	1
support	4
supreme	1
sustainable	1
thank	3
top	3
transparent	1
trump	2
trust	3
unforgettable	1
unlimited	2
unreal	1
useful	1
welcome	2
well	21
wise	1
won	2
wonder	1
wonderful	2
woo	1
work	24
worked	3
works	1
worth	2
wow	2
wowed	1
yay	1
