user,texttweets
abundance	1
accessible	1
accurate	1
accurately	1
advanced	2
advocates	1
afford	2
affordable	1
amazing	1
amazingly	1
ambitious	11
ample	1
amusing	2
appeal	5
appreciate	1
appropriate	4
approval	8
assure	1
available	23
award	1
awesome	1
beautiful	1
beloved	2
benefit	6
benefits	1
best	10
better	21
bolster	1
boom	8
boost	8
brighter	1
brilliant	1
carefree	1
celebrate	2
champ	2
clean	1
clear	2
cleared	1
clearly	4
comfortable	1
commitment	1
compassion	1
compatible	1
complimentary	1
comprehensive	2
confidence	1
confident	4
correct	7
cure	1
dedicated	5
delicious	1
delighted	1
eager	9
ease	50
eased	20
eases	7
easier	6
easing	41
easy	8
ecstatic	1
effective	15
effectively	1
efficient	1
empathy	1
enjoy	26
enough	28
entertain	2
envy	1
ethical	1
excellent	1
exceptional	1
excited	3
excites	3
exciting	2
fabulous	1
facilitate	8
fair	3
famously	1
fancy	1
fanfare	1
fans	2
fantastic	3
fascinating	1
fast	7
faster	1
favorite	1
festive	1
fine	6
flexibility	1
fortune	1
free	1416
freed	3
freedom	2
fresh	2
fun	2
gain	36
gained	1
genius	1
glad	3
gold	2
good	46
goodness	3
grand	1
great	19
greatest	1
guarantee	2
guidance	1
gusto	1
happiness	1
happy	4
healthy	2
heaven	1
helped	2
helpful	1
helping	3
hopeful	3
hot	3
important	8
improve	1
improved	2
improving	1
incredible	1
inspiration	1
inspire	1
interesting	5
jolly	1
joy	1
keen	30
kindly	12
lead	6
leading	4
like	65
lovable	1
love	9
loved	3
luck	7
lucky	1
luxury	2
masters	1
mercy	1
miracle	1
nice	6
obsession	1
orderly	4
outstanding	1
patience	1
patient	4
patiently	1
peaceful	1
pleasure	1
popular	5
portable	1
positive	47
precisely	1
premier	4
pretty	5
profound	1
progress	1
progressive	1
promise	1
promoter	2
proper	3
protect	1
protective	2
proving	1
qualify	3
rapid	13
rational	1
readily	1
ready	6
reasonable	1
reclaim	9
recommendation	2
recommended	1
recover	2
recovery	20
refund	1
relaxed	3
renewed	1
reputation	7
respect	1
restructuring	1
revival	5
revive	4
rich	3
right	26
rightly	1
safe	25
sane	1
secure	2
sensible	5
sensitive	11
sexy	1
sharp	3
shine	1
significant	2
simpler	2
simplified	5
skilled	1
smart	2
smiles	1
smooth	2
soft	1
sophisticated	1
straightforward	1
strong	4
succeed	2
success	3
successful	3
successfully	1
sufficient	1
suitable	1
super	5
superior	1
support	7
supremacy	2
supreme	1
sustainability	2
sustainable	1
sweet	2
talent	2
tender	1
thank	17
thrift	8
thrilled	1
top	21
tops	1
tough	4
trust	2
trusted	2
truthful	1
unaffected	1
unrestricted	1
upgraded	3
uplift	1
useful	3
variety	1
warm	1
welcome	22
well	36
willing	1
willingly	3
win	4
wise	1
won	6
wonder	6
wonderful	3
work	34
worked	3
works	5
worth	3
wow	5
yay	2
