user, texttweets
abundance	1
accomplished	1
adequate	1
admiring	1
advantage	1
advantages	2
afford	8
amazing	3
amusing	1
angel	2
appropriate	3
approval	3
articulate	1
astonishing	1
available	28
awards	1
balanced	1
beautiful	5
benefit	6
best	9
better	19
bliss	1
boost	4
brave	2
bright	1
calm	2
capability	1
capable	1
celebrate	2
champion	1
cheaper	1
classic	1
clean	5
clear	1
comfortable	1
commitment	3
compassionate	1
competitive	1
confidence	3
considerate	1
contribution	1
convenient	1
cool	1
correct	3
correctly	1
courteous	1
cute	2
dawn	1
decent	1
dedicated	3
defeating	1
dominated	1
dynamic	1
ease	9
eases	5
easing	8
easy	3
educated	1
effective	12
effectively	7
effectiveness	1
efficiently	1
elite	1
empathy	1
endorsed	4
energetic	1
enjoy	7
enjoying	1
enough	15
enthusiasm	1
ethical	2
excellent	3
exceptional	1
excited	2
extraordinarily	1
fair	2
fans	4
fantastic	3
fast	7
faster	3
favor	1
favour	1
fine	7
flexible	1
foresight	2
fortunate	2
free	111
freed	2
freedom	11
freedoms	1
fresh	2
fresher	1
friendly	1
gains	1
glad	2
glamorous	1
gold	5
good	21
goodness	2
gorgeous	1
grand	1
grateful	3
great	14
greatest	1
guarantee	1
hallmarks	1
happy	9
healthy	4
heartwarming	1
helped	2
helping	1
holy	2
honesty	1
hot	3
hug	1
ideal	1
idol	1
idyllic	1
important	4
impressed	2
impressive	1
improve	1
improvement	1
incredible	1
incredibly	2
influential	1
interesting	5
joy	3
keen	1
kindness	1
kudos	1
lead	3
leading	1
leads	1
led	1
like	102
love	9
loved	1
lovely	2
lover	1
loves	2
lucid	1
luck	1
luckier	1
luxury	1
magic	1
magical	1
marvel	1
master	1
masters	1
merit	2
nice	7
nifty	1
patience	2
patient	4
peace	1
peaceful	5
peacefully	1
perfect	3
perfectly	2
perseverance	1
poised	1
popular	2
portable	1
positive	34
positively	1
positives	2
powerful	1
praise	1
praising	1
preferable	1
premier	28
pretty	8
progress	1
progressive	1
promises	1
promising	1
proper	8
properly	3
pros	1
protect	3
protection	3
proud	2
proven	1
pure	2
qualified	1
quicker	1
quiet	2
rapid	5
ready	14
realistic	1
recommendation	3
recommendations	2
recommended	1
recover	1
recovery	1
rejoice	1
relaxed	3
relief	2
reputation	2
respect	2
respectfully	1
respite	1
rich	1
right	32
safe	12
safely	2
salute	1
sane	1
sensible	1
sensibly	2
sensitive	10
serene	2
significant	1
silent	2
simpler	1
skilled	3
smart	4
smarter	1
smile	1
smooth	2
stable	1
straightforward	1
strong	3
succeed	1
success	6
successful	6
successfully	1
suffice	1
sufficient	1
super	5
support	6
supported	5
supreme	2
sustainable	1
sweeping	1
swift	2
talented	1
tender	3
thank	8
thrilled	1
top	7
tops	1
tough	6
tougher	1
toughest	2
trump	10
trust	5
trusted	7
unaffected	1
unity	1
valuable	1
victory	1
warm	3
wealthy	1
welcome	40
well	22
willing	2
win	5
wins	3
wise	2
won	11
wonder	6
wonderful	3
woo	1
work	30
worked	4
works	5
worth	7
worthy	1
wow	3
yay	1
