user,texttweets
abundant	1
accessible	1
accomplished	1
accurate	2
achievable	2
adequate	1
admire	1
advanced	1
advantage	1
advantages	1
advocate	1
advocated	1
afford	6
affordable	2
amazed	1
amazing	7
amazingly	1
amenity	1
angel	2
appreciate	4
appropriate	3
approval	4
approve	2
assure	1
authoritative	1
available	16
avid	1
award	2
awarded	1
awards	2
awe	2
awesome	5
balanced	1
beautiful	1
beneficial	1
benefit	4
benefits	1
best	17
better	63
bliss	1
bonus	2
bonuses	1
boost	2
breakthrough	4
bright	1
brightest	1
brilliant	1
calming	1
capable	2
celebrate	2
celebration	2
champ	1
champion	6
charm	1
cheaper	3
cheapest	1
clarity	1
clean	5
clear	10
cleared	3
clearly	8
comfort	1
comfortable	1
compliant	1
comprehensive	1
confident	1
congratulations	2
consistent	1
continuity	1
convenient	2
conveniently	1
cool	2
correct	11
courage	1
creative	1
credible	1
cure	2
darling	1
dawn	4
decent	1
dedicated	9
defender	1
diligence	1
diplomatic	1
distinction	1
dominated	1
dynamic	1
ease	1
eased	2
eases	1
easier	12
easing	2
easy	9
easygoing	1
educated	2
effective	14
effectively	4
efficient	3
elite	3
empathy	1
encouraging	1
endorse	1
enjoy	7
enjoyed	1
enjoying	4
enlighten	1
enough	16
entertaining	1
euphoria	1
evenly	1
excellent	1
exceptional	1
excited	1
extraordinarily	1
fair	7
fairly	1
fairness	1
faith	1
famous	2
fancy	3
fanfare	1
fans	4
fascinating	1
fast	11
favor	3
favored	1
favorite	1
favour	1
felicity	1
fidelity	1
fine	16
foolproof	1
fortune	3
free	109
freedom	20
freedoms	4
fresh	3
fun	5
futuristic	2
gain	2
gaining	2
gains	3
gallant	1
gem	1
genius	1
genuine	1
glad	4
glory	1
gold	9
golden	7
good	56
grace	2
grand	2
grateful	4
great	24
guarantee	1
guidance	22
gusto	1
hale	1
handy	1
happily	2
happy	12
harmless	1
healthy	11
heavenly	1
helped	7
helpful	2
helping	2
hero	1
heroic	1
hilarious	2
holy	1
homage	1
honest	5
honesty	1
honor	2
honoring	1
hot	3
hug	2
humble	1
ideal	3
ideally	1
illustrious	1
important	8
improvements	1
improving	1
incredible	1
incredibly	1
inexpensive	1
inspiration	1
integrated	1
interesting	6
interests	1
intuitive	1
jolly	1
keen	1
kindly	5
kudos	1
lavish	1
lead	3
led	7
liberty	4
like	182
liked	1
likes	2
lively	1
logical	1
love	26
loved	2
lovely	1
lover	2
luck	4
lucky	6
luxury	1
magic	2
master	1
masters	3
meaningful	1
merit	1
merry	2
miracle	1
modern	4
modest	1
motivated	1
nice	8
nicer	1
obsession	1
openly	1
optimistic	1
overtaking	1
paradise	1
patient	3
patriot	3
peace	3
peaceful	3
perfect	6
personalized	2
pleasant	1
pleasure	1
popular	3
positive	124
positives	2
powerful	3
precious	2
prefer	1
preferably	1
premier	5
pretty	10
privilege	8
privileged	2
prize	3
progress	1
promise	2
promised	2
promptly	1
proper	5
properly	6
pros	2
protect	20
protection	5
proven	3
proves	4
prudent	2
prudently	1
pure	2
qualified	3
qualify	2
quiet	2
rapid	9
rational	1
ready	16
realistic	2
reasonable	6
recommend	2
recommendation	3
recommendations	7
recommended	8
recover	7
recovery	6
refund	3
regard	2
relaxed	6
relief	6
resilient	1
respect	9
revelation	3
revolutionary	1
rich	4
right	82
righteous	1
rightly	2
robust	2
safe	36
safely	5
sane	2
secure	1
sensible	2
sensitive	9
significant	2
silent	2
simplified	1
sincerely	1
smart	6
smarter	2
smartest	1
smooth	1
smoothly	2
soft	1
softer	1
spiritual	1
strong	9
stronger	1
strongest	1
sublime	2
success	3
successful	2
successfully	2
suffice	1
sufficient	1
sufficiently	1
super	11
superiority	1
support	15
supported	2
supporter	1
supporting	7
supports	2
supreme	5
survival	1
survivor	2
sweet	5
talent	1
talents	1
thank	16
thankful	1
thrill	1
thrilled	1
top	11
tough	29
tougher	1
treasure	4
trump	24
trust	8
trusted	2
trustworthy	1
truthful	1
understandable	2
undisputed	1
unfettered	1
unlimited	2
unreal	1
unrestricted	1
uplifting	1
useful	1
variety	1
victory	4
vigilance	1
virtue	7
warm	1
warmly	1
wealthy	2
welcome	14
well	60
willing	8
win	12
winner	2
winning	2
wins	1
wise	1
wisely	1
won	18
wonder	7
wonderful	2
wonderfully	1
work	76
worked	6
works	9
worth	9
worthy	1
wow	5
yay	2
