user,texttweets
absence	5
abuse	1
abysmal	2
accusations	3
aches	1
addict	1
adversary	1
afraid	3
aggressive	27
alarming	1
angry	1
annoying	1
anxiety	1
atrocious	1
attack	2
authoritarian	1
backward	1
bad	18
badly	6
baffling	1
bash	1
bastard	2
beg	1
belligerently	1
bias	1
biased	1
biting	1
blame	8
blasted	1
bloody	1
blow	1
blunder	1
blunders	1
blunt	1
bother	3
bothered	1
breach	3
break	7
breakdown	1
breaking	7
breaks	1
broken	3
bs	2
bugs	1
bullshit	2
bully	1
bungling	1
burden	1
burn	2
callous	1
careless	1
catastrophe	2
catastrophic	1
cave	1
challenging	5
cheap	1
cheaply	1
cloud	2
clueless	1
clumsy	1
coercion	1
cold	6
combative	1
complacent	6
complaining	3
complaints	1
complicated	1
concern	7
concerned	6
concerns	8
condemn	1
confused	2
confusing	2
cons	1
conspiracy	4
contagious	3
contaminated	1
contamination	1
contend	1
contentious	1
contradiction	1
corrupt	2
costly	1
crap	2
crash	3
crass	8
crazy	2
creep	1
creepy	1
criminal	2
crisis	3
critical	13
criticism	1
criticize	1
criticizing	1
critics	2
crowded	6
crush	4
crushed	1
crushing	1
cynical	2
damage	2
damages	1
damn	4
dangerous	2
dark	1
dead	13
death	20
debt	4
debts	1
defects	1
deficiencies	2
delay	3
delayed	2
delays	1
denied	1
deny	1
depressing	1
depression	1
derision	1
desperate	1
desperation	1
despise	1
destroy	1
detract	1
devastating	1
dick	2
die	11
died	6
dies	2
difficult	8
difficulties	2
difficulty	1
din	2
ding	2
dirty	1
disabled	1
disadvantaged	1
disagree	2
disagreed	1
disappointing	1
disaster	3
disastrously	1
discrimination	1
disgrace	1
disgraceful	1
disgusting	1
dishonesty	1
disingenuous	2
dismal	1
dispute	1
disregard	1
disruptive	1
distraction	2
disturbing	1
disturbingly	2
dizzy	1
doom	1
doubt	6
doubtful	1
doubts	2
draconian	2
dubious	2
dud	1
dying	2
egocentric	2
elimination	37
emergency	2
epidemic	12
err	1
erratic	1
error	2
evil	1
excuse	3
exhaustion	1
exhausts	1
expensive	1
exploit	1
extremist	1
fail	10
failed	24
failing	2
fails	2
failure	17
failures	4
fake	4
fall	6
fallen	1
falling	5
farce	1
fastidious	1
fault	4
faults	1
fear	3
fears	1
fell	3
fever	1
fiasco	2
fiction	1
flare	4
flawed	2
flaws	4
flimsy	1
fool	2
foolish	3
fragile	1
frail	1
fraught	2
freaking	1
freakishly	2
frozen	2
frustrating	2
frustrations	1
fuck	1
fucking	4
funny	1
fuss	1
garbage	3
genocide	1
greed	1
grim	1
grumpy	1
guilty	1
haphazard	1
harassed	2
harassment	1
hard	65
harmful	1
harsh	2
haste	1
hate	1
hated	1
hates	2
havoc	1
headache	2
hectic	1
hefty	1
hell	5
hoax	2
horrendous	1
horrible	4
hurting	1
hypocrisy	1
idiocy	2
idiot	2
idiotic	1
idiots	6
ignorant	1
ignore	6
illegal	3
illness	3
illusion	1
illusory	1
imbecile	1
impair	2
implausible	1
implication	1
impose	1
impossible	10
inability	1
inaccurate	1
inadequate	1
incapable	1
incoherent	1
incompetence	2
incompetent	2
incomplete	2
inconsistencies	1
inconvenience	1
indefensible	1
ineffective	2
inefficient	1
inept	3
inevitable	5
inevitably	2
infected	43
infection	29
infections	18
inordinate	1
insane	1
insanely	1
insidious	1
instigate	1
insufficient	3
insular	1
intense	1
intolerable	1
invasive	1
ire	1
irrelevant	4
irresponsible	1
isolate	30
isolated	12
isolation	94
issue	19
issues	15
jealous	2
joke	6
joker	1
kill	3
killing	1
knife	1
knock	2
lack	16
lag	2
lagging	1
lame	2
lapse	1
leak	2
leakage	2
leakages	1
leaks	3
leaky	2
lengthy	2
lethal	2
liar	1
lie	3
lied	4
lies	7
limit	8
limitations	4
limited	13
limits	4
loose	2
lose	1
losing	1
loss	1
losses	1
lost	10
loud	1
ludicrous	1
lunatic	1
madness	1
mar	144
meltdown	2
mess	4
messed	1
miserably	2
misfit	1
misinformed	1
misleading	2
miss	6
missed	4
mistake	7
mistaken	1
mistakes	6
misunderstand	1
misuse	3
moron	2
morons	1
murder	4
mystery	7
myth	1
nag	1
needless	1
negative	8
negatives	1
negligent	1
nemesis	1
nervous	3
nightmare	1
noise	1
nonsense	1
oblivious	1
obsessively	1
obtrusive	1
obtuse	1
odd	2
oddly	1
offence	1
offend	1
oppose	1
opposition	2
outbreak	85
outraged	1
overkill	1
overloaded	3
overpaid	1
oversight	1
overwhelmed	8
overwhelming	1
pain	2
panic	4
partisan	1
pathetic	4
pedantic	1
penalty	1
perplexing	1
phony	1
pig	1
pity	1
plot	1
ploy	1
pointless	5
poor	15
poorest	1
poorly	4
poverty	1
pretend	1
prick	1
problem	23
problematic	2
problems	6
propaganda	1
protest	1
protests	4
protracted	1
puppets	1
puzzled	3
puzzling	1
racism	1
racists	1
radical	4
radically	1
raging	2
rail	1
rampant	1
randomly	2
refuse	4
refused	8
refusing	1
regretted	1
rejected	1
reluctant	2
resistance	1
restriction	1
retract	1
rhetoric	1
ridiculous	1
rigid	1
rip	2
ripped	1
risk	38
risks	7
rough	1
rubbish	8
ruining	1
sad	2
sadly	1
savage	1
scam	1
scandal	1
scare	1
scared	2
scariest	1
sceptical	1
scramble	1
scrap	1
scratch	3
screwed	2
setback	1
severe	3
shambles	1
shame	3
shameful	1
shit	11
shock	2
shocked	2
shocking	1
shortcomings	1
shrug	1
sick	10
simplistic	1
sin	2
skeptic	1
skeptical	2
slack	2
sloppy	1
slow	23
slowed	4
slowest	1
slowly	4
smallish	1
smell	1
smug	1
snarky	1
sneak	1
sore	1
sorry	6
squander	1
squash	1
stark	1
starve	2
stern	1
stink	1
strain	4
strange	1
stress	3
stresses	1
stricken	1
strict	31
strictly	4
strike	1
stringent	11
struggle	2
struggled	2
struggling	3
stuck	7
stuffy	1
stupid	2
stuttering	1
suck	1
sue	2
suffering	1
suffers	1
sully	1
suppress	6
suppression	2
suspect	3
symptom	2
symptoms	15
tank	1
temper	1
terrible	5
terribly	1
threat	9
threats	2
tired	1
toll	1
tortured	1
totalitarian	2
tout	1
touted	1
trap	2
trapped	2
trash	12
trauma	1
trouble	3
troublemaker	1
turmoil	1
tyranny	1
unable	4
unavailable	2
unbelievable	1
unbelievably	1
uncertain	1
unclear	2
uncontrolled	1
underdog	1
undermine	1
undermined	1
unease	1
unemployed	1
unexplained	1
unfortunate	3
unfortunately	2
unknown	13
unlikely	8
unlucky	1
unnecessary	1
unnervingly	1
unprepared	1
unravel	2
unrest	1
unscrupulous	1
unsure	2
unsustainable	2
untenable	1
untrue	3
unwell	1
unwilling	2
unworkable	1
urgent	6
useless	12
utterly	2
vague	2
vile	1
virulent	1
virus	114
vulnerable	6
waning	1
warned	2
warning	5
waste	1
wasted	3
weak	3
weird	4
weirdly	1
wicked	2
wild	6
wildly	2
wiles	6
woeful	1
worried	5
worrisome	1
worry	2
worrying	1
worse	8
worst	12
worthless	1
wrong	16
