user,texttweets
abnormal	1
abominable	1
absurd	3
abuse	1
abusive	1
abysmal	9
abysmally	1
affliction	1
afraid	7
aggressive	28
alarm	3
alarming	5
allegations	1
ambiguous	1
angry	1
anxiety	2
anxious	1
appalling	1
arrogant	1
ashamed	1
asinine	1
attack	4
attacks	1
awful	1
backward	1
bad	41
badly	6
bankrupt	1
beg	1
beggar	1
begging	4
beware	2
bias	1
bitch	2
blah	3
blame	10
blind	3
bloated	1
blow	1
blunt	1
bogus	1
bored	1
boring	2
bother	4
bothered	1
break	7
breakdown	1
breaking	22
breaks	2
broken	3
bs	3
bullshit	2
bully	2
bump	1
bumping	1
bungle	1
bungling	1
burn	1
callous	1
cancer	1
carelessness	1
catastrophic	1
challenging	3
chaos	2
chaotic	3
cheap	3
chronic	1
cloud	1
clueless	1
cocky	1
cold	4
collapse	1
collusion	1
complain	2
complained	2
complaint	1
complex	4
complicated	3
complicit	2
concede	1
concern	3
concerned	2
concerns	5
concessions	1
condemn	1
conflict	3
conflicting	1
confrontation	1
confused	1
confuses	1
confusion	1
cons	1
conservative	2
conspiracies	1
conspiracy	7
conspire	1
contagious	9
contaminated	1
controversial	1
corrupt	3
corruption	1
costly	1
crack	1
crap	6
crash	3
crass	2
crazy	5
creeping	2
creepy	2
crime	9
criminal	10
cringe	1
crisis	10
critical	5
criticism	1
criticize	2
crooked	1
crowded	4
crude	1
crushed	1
cry	1
culprit	1
cursed	1
damage	4
damn	9
danger	5
dangerous	8
dark	4
darkness	2
dastard	1
dead	36
deadly	7
deaf	1
death	41
debacle	1
debatable	1
debt	2
deception	1
decline	3
defiant	1
defy	2
delay	9
delayed	1
delays	1
delusional	2
denial	2
denied	5
dense	2
deny	2
denying	2
deplorable	1
depressing	2
depression	1
derision	1
desperate	2
despicable	1
destroy	6
destruction	1
destructive	1
devastating	6
devoid	1
diabolical	1
dick	6
dictator	3
dictatorial	1
die	42
died	25
dies	2
difficult	3
dilemma	1
ding	11
dire	2
dirt	1
disagree	1
disaster	14
disastrous	3
discord	1
discouraging	1
discredit	1
disgusted	1
disgusting	1
dishonest	1
dismal	1
dismally	1
displaced	1
disrespect	1
disrespectful	2
disruption	1
dissing	1
distract	38
distracting	1
distraction	1
distrust	1
doom	2
doomed	5
doubt	9
draconian	5
drag	1
dragged	2
dragging	1
drastically	5
drones	2
drunk	1
dud	1
dumb	6
dump	1
dumped	1
dust	1
dusty	1
dying	15
egocentric	1
elimination	3
embarrassing	3
embarrassment	1
emergency	11
encroachment	1
endanger	1
enemies	1
enemy	1
epidemic	7
error	2
evil	10
excuse	4
exhausted	3
expired	1
explode	1
extremism	1
fail	20
failed	43
failing	12
fails	3
failure	24
failures	6
fake	9
fall	13
fallacy	1
falling	1
falls	4
falsely	1
fanatical	1
fascism	1
fastidious	1
fat	1
fatal	2
fault	9
faulty	2
fear	24
fears	1
feckless	1
fell	2
fever	1
fist	1
flaunt	1
flaw	2
flawed	2
flee	1
flimsy	1
fool	1
foolish	2
foolishly	1
forbid	1
forbidden	3
foul	1
fragile	1
fragmented	1
fraud	5
freak	1
freaking	1
frenzy	1
frightening	1
frustrated	3
fuck	10
fucking	9
funky	1
funny	3
furious	2
futile	1
garbage	1
genocide	1
goof	1
greed	1
greedy	2
grief	1
grind	2
gross	1
grumble	1
grumpy	1
hampered	1
harassment	1
hard	33
harm	4
hate	6
hates	1
hazard	2
hazardous	1
headache	1
hedge	1
hell	12
hinder	1
hoax	10
horde	1
horrendous	2
horrible	3
horrific	2
horrified	1
horrifying	2
hostage	1
hostile	1
hostilities	1
hung	2
hurt	2
hurting	1
hurts	2
hypocrites	1
idiocy	1
idiot	9
idiotic	1
idiots	9
ignorance	2
ignorant	2
ignore	1
illegal	3
illiterate	1
illness	4
imbecile	1
immoral	1
impeach	2
impending	3
impose	1
imposing	2
imposition	1
impossible	14
impotent	1
inaccuracy	1
inaccurate	2
inaction	4
inadequate	10
incapable	1
incompetence	8
incompetent	6
incomplete	1
inconsistent	1
incorrect	2
indifference	1
ineffective	2
ineffectual	1
inefficient	2
inept	1
ineptitude	1
inevitable	1
inexcusable	8
infected	66
infection	36
infections	30
infested	1
infringement	1
insane	5
insanity	4
insecurity	1
insignificant	1
insufficient	2
insulting	1
intense	6
interfere	1
intrusive	2
invisible	4
involuntary	3
ironic	1
ironically	1
irrelevant	3
irresponsible	5
irritated	1
isolate	31
isolated	10
isolation	61
issue	14
issues	8
jeopardy	1
jobless	1
joke	14
junk	3
kill	13
killed	7
killer	1
killing	11
killjoy	1
kills	2
knock	1
lack	29
lacking	5
lacks	5
lag	1
lagged	1
lags	1
languish	1
lazy	2
lethal	1
liability	1
liar	4
liars	2
lie	12
lied	8
lies	10
limit	6
limited	9
limits	2
lone	2
loose	2
lose	3
loser	1
losers	1
losing	6
loss	7
losses	1
lost	14
louder	1
lying	11
mad	6
madness	1
mar	82
massacre	1
meaningless	6
mess	9
messed	3
mischief	1
miserable	1
misery	2
misinformed	1
miss	7
missed	4
misses	1
mist	2
mistake	4
mistakes	2
mistress	1
misuse	1
mock	1
mocked	3
mocks	1
moody	1
moron	4
moronic	1
morons	1
murderer	2
murderous	1
mystery	1
nag	1
naive	1
needless	1
needlessly	2
needy	1
negate	1
negative	21
negatives	1
neglect	1
negligence	3
negligent	2
nightmare	3
noise	38
noises	1
noisy	1
nonexistent	3
nonresponsive	1
nonsense	4
object	2
obliterated	1
obstruct	1
obtuse	1
offenses	1
ominous	1
omission	1
omit	1
onerous	1
opposition	3
oppression	1
outbreak	48
outlaw	1
outrage	2
outraged	1
overrun	1
overwhelmed	4
overwhelming	1
pain	2
panic	3
panicked	1
paranoia	1
paranoid	1
partisan	3
passive	1
pathetic	1
pathetically	1
peril	1
pessimistic	2
pigs	3
pity	1
plague	4
plot	1
ploy	1
pointless	5
poor	10
poorer	2
poorly	1
pretend	2
prison	1
problem	27
problematic	2
problems	11
profane	1
propaganda	1
prosecute	2
protest	2
protesting	2
protests	12
punish	1
puppet	1
puzzling	2
quack	1
quash	1
questionable	1
racism	1
racist	1
radical	2
rage	2
raging	4
rail	1
rampant	2
rant	3
rants	1
rape	1
recession	3
reckless	4
recklessly	2
refusal	5
refuse	16
refused	11
refuses	6
refusing	9
regret	1
reject	3
rejected	1
rejecting	1
rejects	6
reluctance	1
remorse	1
repugnant	1
resistance	1
restrict	2
restriction	1
restrictive	1
retard	1
ridiculous	6
rip	4
risk	23
risks	2
ruining	1
rumors	1
ruthless	1
sacrificed	2
sad	11
sadly	7
savage	3
scam	1
scams	2
scandal	1
scandals	1
scant	1
scared	6
scarier	1
scary	2
scream	1
screwed	12
selfish	2
selfishness	1
seriousness	1
severe	2
severity	16
shady	1
shake	1
sham	1
shame	3
shameful	1
shit	16
shocked	2
shortage	5
shortcomings	1
sick	42
silly	2
sink	1
sinking	1
skeptic	1
skeptical	1
slack	1
sloppy	2
slow	22
slower	2
slowly	3
smell	1
smoke	5
smoldering	3
smug	2
snarky	1
sorry	11
spew	1
squash	2
stagnant	1
stark	1
starve	1
steal	1
steeply	1
stern	1
stew	2
stifle	1
stooges	1
strain	8
strange	4
stranger	1
stress	2
strict	20
strike	1
stringent	2
struck	1
struggle	2
struggled	1
struggles	1
struggling	4
stuck	2
stupid	13
stymied	2
subjugate	1
subpoenas	1
succumb	1
suck	3
sucker	1
sucks	4
sue	6
sued	1
suffer	2
suffered	1
suffering	6
suicide	2
suppress	5
suppression	4
suspect	2
suspicion	1
symptom	1
symptoms	23
syndrome	1
taboo	1
tedious	1
terrible	6
thankless	1
threat	18
threatening	3
threats	5
tired	2
tiresome	1
toll	7
tortured	1
totalitarian	1
touted	1
touts	2
toxic	3
tragedy	1
tragic	2
trap	1
trapped	1
trash	2
treachery	1
treason	1
trick	1
trivial	1
trouble	6
troubled	1
troubles	1
troubling	1
tyranny	5
unable	3
unacceptable	2
unavailable	2
unbelievable	1
unconstitutional	2
uncontrolled	3
undecided	1
underestimate	1
undermine	1
undermining	1
undocumented	2
unemployed	7
uneven	1
unfortunately	8
unfriendly	2
unhealthy	1
uninsured	2
unknown	4
unleash	1
unlikely	1
unprepared	2
unqualified	2
unreasonable	1
unsafe	1
unspecified	1
unsuccessfully	1
unsure	2
untested	1
unusual	1
unwilling	1
unwise	1
unworthy	1
upset	1
useless	12
utterly	1
vengeful	1
vent	1
vice	2
vile	1
violate	3
violation	3
violent	1
virus	177
vulnerable	7
warned	4
warning	3
warp	2
waste	5
wasted	4
wasting	4
wayward	4
weak	11
weirdly	1
whine	2
whining	1
wicked	3
wild	3
woeful	1
woefully	2
worn	1
worried	5
worries	1
worry	2
worrying	1
worse	18
worst	19
worthless	2
wreck	1
wrong	22
wrongly	1
