user,texttweets
absence	4
abuse	4
abused	1
abuses	2
adversary	1
afraid	1
aggressive	29
alarming	1
alarmingly	1
anxiously	1
appalled	1
asinine	1
assault	1
attack	1
authoritarian	3
awful	1
bad	12
badly	2
bait	1
bash	1
blame	3
blatant	1
blind	1
blunt	1
blurring	1
bother	2
bothered	1
breach	3
break	2
breaking	4
broke	1
broken	46
bruised	1
bs	2
buckle	3
bugs	1
bullshit	1
burn	1
cave	1
challenging	4
chatter	1
cheap	3
chunky	1
cloud	4
complacent	1
complaining	2
complaint	1
concern	10
concerned	10
concerns	63
confined	5
conflicting	1
confused	1
confusing	2
conservative	1
conspiracies	1
conspiracy	5
contagious	2
controversial	2
controversy	2
corrupts	1
counterproductive	1
cracks	1
cranky	3
crap	1
crass	1
crazy	1
creep	1
creeping	3
crime	4
criminal	248
crisis	8
critical	3
crowded	1
cry	1
damaged	1
damn	1
danger	1
dead	3
death	17
debacle	1
defensive	1
delay	1
desperate	1
destructive	1
dictatorial	1
die	5
died	1
difficult	1
difficulties	3
din	6
ding	2
disagreeing	1
disappointing	1
disaster	2
disgusting	1
dishonestly	1
dislike	1
dislikes	1
dispute	2
disregard	1
disruption	1
disruptive	5
dissent	1
distressing	1
distrust	10
doomed	2
doubt	1
douchebags	1
drain	2
drawbacks	1
drones	4
drunk	1
dumb	4
dump	1
dying	1
elimination	2
embarrassment	1
emergency	1
envious	2
epidemic	7
erode	8
erosion	1
err	1
error	1
eruptions	1
evasion	1
exacerbate	8
excessive	1
excessively	1
excuse	1
explosive	1
fail	3
failed	9
failing	3
fails	3
failure	8
fake	17
fall	2
fallen	2
fallout	2
falls	2
fanatical	1
farfetched	1
fascist	1
fatal	1
fault	1
fear	3
fears	19
fell	1
fever	1
fiction	1
fierce	1
flawed	1
friction	1
fuck	2
fucking	4
funny	2
futile	4
garbage	1
glitches	1
grieving	1
gross	1
grossly	1
hard	15
harsh	1
hastily	1
hate	1
heck	1
helpless	1
hoax	3
hollow	7
horrendous	1
hype	1
idiotic	1
ignorant	2
illness	3
illogical	1
illusion	1
impending	1
implication	1
impose	1
impossible	2
imprisonment	1
impunity	1
incapable	1
incompetence	4
incompetent	2
incorrect	1
indifferent	1
ineffective	2
ineffectiveness	1
ineligible	1
inequitable	2
inevitable	1
inevitably	1
infected	21
infection	24
infections	17
insane	1
insufficient	1
insufficiently	1
intense	2
intermittent	1
intrusive	4
invasive	5
irrelevant	1
irresponsible	1
isolate	14
isolated	4
isolation	33
issue	19
issues	49
jam	1
jeopardize	1
joke	1
junk	1
killed	1
killing	1
lack	5
lacks	1
lazy	1
leaking	1
leaks	1
liar	1
lie	3
lied	1
lies	1
limit	19
limitations	6
limited	12
limits	10
loopholes	1
loose	1
lose	1
losing	1
loss	1
lost	48
lurking	2
lying	1
malicious	2
mar	52
marginally	1
meaningless	1
mess	1
messed	1
messy	1
miserably	2
misgivings	1
miss	3
missed	1
mist	2
mistake	1
misuse	1
mobster	1
moody	1
murder	19
myth	1
nag	2
needless	1
nefariously	1
negate	1
negative	4
negligent	1
nightmare	3
nonsense	1
notorious	1
object	1
obstructing	15
offenses	2
opposition	4
outbreak	33
outcry	50
overloaded	1
oversight	4
overwhelm	1
overwhelmed	3
pan	2
pathetic	2
penalty	1
plague	1
plot	1
poison	1
poor	3
poorly	1
poverty	1
pretend	1
prison	2
problem	18
problematic	6
problems	11
propaganda	1
protests	1
punitive	1
puzzling	1
randomly	1
rant	1
ranting	1
refuse	1
refused	1
refuses	1
regret	1
reject	9
rejected	1
rejecting	1
reluctance	1
reluctant	1
repressive	2
restrict	1
restricted	1
restriction	2
rife	1
rigidity	1
rip	1
risk	26
risks	3
ruin	1
ruthlessly	1
sabotage	1
sad	5
sadly	1
sap	3
scam	1
scandal	2
scared	1
scary	11
scrap	7
screwed	1
severe	8
shame	6
sharply	2
shatter	1
shit	2
shocked	1
shortcomings	3
sick	7
siege	3
sin	1
sketchy	1
slow	14
slower	2
slowly	16
smell	1
sobering	2
sorry	3
spite	3
split	2
squabble	1
stark	2
steal	1
stigma	1
strain	2
strange	2
strict	33
strictly	1
strike	2
stringent	1
struggle	2
struggling	1
stuck	1
stupid	6
stymied	1
suck	2
sucks	2
sue	2
suffering	1
suicide	1
suspect	2
swamped	1
sweaty	1
swipe	1
symptom	5
symptoms	9
syndrome	1
tank	1
tease	1
tension	1
terrorism	1
threat	5
tired	2
toll	3
totalitarian	1
tout	1
tragedy	1
tricky	1
troubling	1
twist	2
ugh	1
unavailable	2
uncertain	2
unclear	2
uncomfortable	1
uncontrolled	1
underlings	1
undermine	1
undermined	2
undermines	5
undermining	1
unemployed	1
unfortunate	1
unknown	3
unlawful	2
unlikely	2
unnecessary	2
unrealistic	1
unreasonable	1
untenable	1
uproar	1
urgent	8
useless	4
vice	4
violation	1
violent	1
virus	128
vulnerable	36
warned	1
warning	2
wary	2
waste	1
wasted	1
weak	2
weakness	1
weird	2
wild	2
wilt	1
worn	4
worried	2
worries	22
worrisome	1
worry	3
worrying	2
worse	4
worst	4
worthless	1
wreck	1
wrong	5
zealous	1
