user,texttweets
absence	1
abuse	1
aggressive	1
anger	2
angry	1
annoyed	1
anxiety	1
anxious	1
appalling	1
arbitrary	1
attack	1
authoritarian	1
awful	3
bad	4
badly	1
bait	1
beg	1
bent	1
beware	1
biased	1
blame	1
blatant	1
bleak	1
blind	3
bloody	2
blunt	1
bogus	1
bonkers	1
brainless	1
break	1
breakdown	1
broke	1
broken	4
bs	5
bullshit	4
bunk	1
burden	1
burn	3
cancer	1
catastrophe	1
catastrophic	1
cheap	2
chronic	1
clog	2
cloud	1
clueless	2
coercion	1
cold	11
collapse	2
complicated	2
concern	2
concerned	1
concerns	3
conflict	1
conflicting	1
confused	5
confusing	1
confusion	1
conservative	2
conspiracies	1
conspiracy	2
contagious	2
contamination	1
controversial	2
corrupt	3
corrupted	1
counterproductive	1
crap	5
crazy	2
crime	1
criminal	1
crippling	1
crisis	2
critic	1
critical	4
cruel	1
crumbling	1
cry	1
damaging	1
damn	1
danger	3
dangerous	4
dark	3
dead	10
death	20
deception	1
delay	3
delayed	1
delays	4
denies	1
depress	1
deprived	1
desperately	2
destroy	3
die	25
died	23
dies	1
difficult	2
dire	2
disagree	2
disagreed	1
disappointing	1
disaster	1
disastrous	1
dishonest	1
disingenuous	1
dismal	1
disregard	1
disruption	2
dissident	1
distracting	1
distrustful	1
doubt	3
doubtful	2
drastically	2
dumb	1
dying	3
elimination	10
emergency	10
envious	1
error	4
errors	2
evade	1
exaggerate	1
expensive	1
extinguish	1
fail	4
failed	7
failure	3
failures	1
fake	7
fall	2
fallout	1
farce	1
fascism	1
fascist	1
fat	1
fatigue	1
faults	1
faulty	5
fear	9
fears	1
feeble	1
fell	1
fever	1
fiasco	2
filth	1
flawed	5
flaws	1
fool	1
fraud	15
fraudulent	8
freaking	1
freeze	1
frustrating	1
frustration	2
fuck	3
fucking	1
fumble	1
funny	2
futile	1
garbage	2
gross	2
grumpy	1
hampered	1
hang	1
hard	13
harm	1
harsh	1
hassle	1
hate	3
headache	1
hell	1
heretic	4
heretical	2
hesitant	1
hoax	1
hopelessly	1
horrible	1
hurt	1
hurting	1
hysteria	1
hysterical	1
ignore	3
illegal	3
illness	4
illogical	1
imminently	1
impose	1
impossible	4
imprison	1
inaccuracy	1
inaccurate	4
inadequate	1
inappropriate	1
inappropriately	1
incompetent	1
inconsistent	1
incorrect	2
incorrectly	1
ineffective	1
inept	1
ineptitude	1
inevitable	1
inevitably	1
infamous	1
infected	25
infection	25
infections	11
infirm	1
inflated	2
inhumane	2
injury	2
insane	5
insanely	1
insurmountable	1
intense	1
interfere	1
invalid	1
ironically	1
irrelevant	3
isolate	20
isolated	11
isolation	39
issue	7
issues	9
joke	1
kill	6
killed	1
kills	3
lack	5
lackey	1
lacks	1
lag	1
lags	1
lazy	1
leak	1
leaks	1
lemon	1
lengthy	1
liable	1
lie	1
lied	2
lies	5
limitations	1
limited	12
loophole	1
loose	1
loss	1
lost	1
ludicrously	1
lying	2
mad	1
madness	1
manipulate	2
manipulation	1
mar	249
meaningless	12
miserable	1
miserably	1
misleading	3
miss	2
missed	2
misses	1
mistake	3
mistakenly	1
mistakes	1
misunderstanding	2
misuse	8
moronic	1
mourn	1
murder	1
mysterious	2
mysteriously	1
myth	1
negative	105
negatives	7
noise	1
nonsense	4
notorious	1
notoriously	2
obsolete	2
odd	2
oddly	1
opposition	2
outbreak	23
overloaded	2
overrated	1
overrun	2
overwhelm	2
overwhelmed	14
painful	4
panic	4
passe	1
phony	1
pointless	13
poor	4
poorly	4
pretend	4
pricey	1
problem	21
problems	5
propaganda	6
protest	2
questionable	1
rampant	1
randomly	2
refuse	3
refused	4
refusing	2
rejected	2
rejecting	1
reluctance	1
remorse	1
resigned	1
restricted	3
restrictive	1
revolt	1
ridiculous	2
rife	1
rip	3
risk	33
risks	3
risky	1
rot	1
rotten	1
ruin	1
sacrificed	1
sadly	4
scam	6
scams	1
scandal	1
scandals	1
scare	1
scared	1
scary	1
sceptical	1
scramble	1
scrap	1
screwed	3
severe	3
shabby	1
shady	1
shambles	1
shame	3
sharply	1
shit	6
shocking	3
shortage	1
sick	17
sickness	1
silly	3
sin	3
slow	9
slower	2
slowly	1
smell	2
sore	1
sorry	4
spite	1
spook	1
stale	1
strain	6
strange	1
stressful	2
strict	8
stringent	1
struggles	1
stuck	5
stupid	3
subjected	1
sue	1
suffered	1
suffering	3
suppress	1
suppression	2
susceptible	1
suspect	3
swamped	2
swipe	1
symptom	1
symptoms	32
tainted	2
tanks	1
terrible	1
threatening	1
threats	1
tired	2
toll	1
totalitarian	1
tout	3
tragic	1
trash	1
treasonous	1
trouble	2
twisted	1
unable	4
unacceptable	2
unacceptably	1
unavailable	4
unavoidably	1
unbelievable	1
uncaring	1
uncertain	1
uncomfortable	1
underestimate	2
undermined	1
undermining	1
unfortunate	1
unfortunately	4
unimaginably	1
unknown	4
unlikely	3
unlucky	1
unrealistic	1
unreliable	19
unsustainable	1
untested	1
untrue	1
unusable	1
unusual	1
unwanted	1
urgent	4
useless	5
utterly	3
vent	1
vicious	1
violent	1
virus	63
vulnerable	4
warning	1
waste	10
weak	5
weakness	1
weird	4
weirdly	1
wild	1
wiles	2
woeful	1
worn	1
worried	1
worry	1
worse	6
worsening	1
wounds	4
wrong	14
