user,texttweets
abomination	1
absurdity	1
aggressive	1
ambiguity	1
ambiguous	1
annoying	1
anomaly	1
anxiety	1
attacks	1
awful	1
bad	2
baffled	1
bastard	1
beg	1
bias	2
bomb	1
bother	1
brazen	1
breach	1
break	4
breakdown	1
breaking	3
broke	2
broken	1
brutal	1
bs	16
bullshit	1
bumped	1
burns	1
cancer	1
challenging	1
chaos	1
cheap	1
childish	1
choke	1
cold	4
complaining	1
complex	1
complicated	1
concern	4
concession	1
confined	1
conflicting	1
conflicts	1
confuse	1
confused	5
confusing	1
confusion	1
conservative	1
conspiracy	1
contamination	1
contradiction	1
costly	4
cranky	9
crippling	1
crisis	3
critical	1
criticism	1
crowded	1
damage	1
damn	2
dead	6
deadly	1
death	9
declining	1
delay	6
delayed	4
delays	1
delusions	1
denied	3
deny	2
desert	1
destroy	1
deteriorating	1
die	6
died	1
difficult	4
din	4
disappointed	1
discrimination	2
disgrace	1
disgraceful	1
distraught	2
doubt	1
doubtful	1
downside	1
dragging	1
drastically	1
emergency	4
epidemic	3
error	2
excessive	1
expensive	18
fake	6
falling	3
fallout	1
falls	2
farce	1
fault	2
fear	2
fearful	1
fears	1
fell	2
fever	4
fraud	1
frustrated	1
fuck	2
fucking	2
funnily	1
funny	1
futile	1
garbage	1
greedy	1
gross	1
grumpy	1
hacks	4
hang	1
hard	7
harm	1
harsh	1
hassle	2
headache	1
hefty	1
hell	4
hostage	2
idiotic	1
illness	10
immoral	1
impose	5
impossible	2
inaccurate	2
inactive	1
incorrect	4
ineffective	2
inevitable	1
infected	17
infection	29
infections	21
infuriating	1
inhuman	1
inhumane	1
insane	1
insidious	2
insubstantial	1
intense	2
intermittent	1
intrusive	3
ironically	1
irrelevant	1
isolate	28
isolated	5
isolation	29
issue	10
issues	2
jam	19
joke	1
killed	1
killing	1
kook	1
lack	2
lie	1
limit	2
limited	8
limits	1
loose	1
losing	1
lost	2
loud	1
lousy	1
mad	1
madness	2
maniac	1
mar	276
meaningless	1
menace	1
misleading	1
miss	7
missed	5
mistake	1
mistakes	2
misuse	2
myth	1
nag	2
negative	235
negatives	4
negligent	1
nervous	1
nightmare	2
nightmarish	1
nonsense	2
obsolete	2
ordeal	1
outbreak	8
overpriced	2
overwhelmed	1
pain	1
pan	1
petty	1
pinch	1
plague	1
pointless	3
poison	1
poor	3
pretend	1
problem	2
problems	4
rape	2
refuse	1
refused	3
refuses	1
regressive	2
rejected	2
resistance	1
restricted	1
restriction	5
revert	1
revoke	2
ridiculous	3
ridiculously	1
rife	1
ripped	1
risk	70
risks	2
sad	2
sadly	1
scam	3
scare	1
scrap	1
severe	5
shame	1
shit	1
shocked	2
sick	6
sickly	1
sickness	2
sin	14
slow	1
smallish	1
smells	1
sore	5
sorrow	1
sorry	6
stealing	1
steep	2
strain	6
strange	4
stress	2
stressful	1
strict	18
stringent	3
struggling	2
stubborn	2
stuck	16
stupid	1
subjected	2
sucks	1
sue	1
suffering	1
suffers	1
suicide	1
suspect	1
symptom	5
symptoms	25
syndrome	1
terror	1
testy	1
threat	1
threaten	1
tired	3
tiring	1
travesty	1
tricky	1
trouble	1
ugh	2
unable	5
unavailable	3
unclear	4
uncomfortable	2
underestimate	1
unexpected	1
unexplained	2
unfamiliar	1
unfortunately	3
unknown	2
unlikely	1
unreliable	1
unsure	1
untrue	1
unusual	1
unwell	2
urgent	6
useless	6
violation	1
virus	65
wail	1
warning	1
wasting	1
weird	2
whining	1
wild	3
wildly	2
worried	1
worries	1
worse	3
worsening	3
wrong	5
wrongly	1
