user,texttweets
abolish	1
abuse	1
abused	2
aches	1
afraid	1
allergies	2
ambiguity	1
anarchy	1
antiquated	1
anxiety	1
ashamed	1
asinine	1
authoritarian	1
awful	2
bad	4
badly	1
bent	1
bitch	2
bizarre	2
bland	1
bloody	2
bogus	1
bother	1
bothers	1
break	3
breaking	1
broke	3
broken	1
bs	6
bullshit	3
bully	1
cancer	4
challenging	1
cheap	2
childish	1
cold	6
collapse	1
complaint	1
concern	1
concerned	1
concerns	1
conflicting	1
confused	4
confuses	7
conservative	1
conspiracy	4
contagious	1
contaminated	1
contamination	1
contradict	1
contradictory	1
corrupt	3
corrupted	1
corruption	1
costly	1
crap	5
crash	2
crazy	4
crime	2
criminal	3
crisis	3
culpable	1
damn	4
damned	2
danger	1
dangerous	2
dead	2
death	16
decline	1
delay	3
delayed	2
delays	2
delusional	1
denied	1
dense	1
destroy	1
destruction	1
deterrent	1
devastated	1
dictator	2
die	201
died	6
dies	1
difficult	5
din	3
ding	1
dire	5
disabled	1
discomfort	1
discontent	1
disgusting	1
drags	1
dying	2
emergency	9
enemies	1
error	3
evade	1
evil	2
excuse	1
exhaustion	1
expensive	8
expired	1
fabrication	1
fail	1
failed	1
failing	1
failure	1
fake	15
fall	2
fallen	2
falls	2
falter	1
faulty	4
fear	2
flaw	1
flawed	1
flimsy	1
fool	2
forbidden	1
fraud	3
fraudulent	4
freeze	1
freezing	1
frenetic	1
frustrated	1
frustrating	1
fuck	3
fucking	2
funny	1
furious	1
gripe	35
hampered	1
hard	5
hardship	1
harm	1
harsh	2
havoc	1
hectic	1
hefty	1
hell	3
hinder	1
hoax	1
horrible	1
horrid	1
humiliation	2
idiotic	1
idiots	2
ignorance	1
ignore	1
illegal	7
illness	1
illogical	1
impossible	1
imprecision	1
inaccuracy	1
inaccurate	6
incompetence	1
inconsistency	1
inconsistent	1
incorrect	1
infamous	1
infected	2
infection	8
infections	2
inferior	2
infernal	1
inflated	2
insane	1
insecure	1
invalid	1
invisible	1
ironically	1
isolate	2
isolated	3
isolation	12
issue	1
issues	6
jam	3
joke	5
kill	3
killed	5
killer	1
killing	1
leer	3
lemon	1
lengthy	1
liar	1
lie	5
lies	5
limit	4
limited	1
loot	2
lose	1
loses	2
losing	1
lost	3
loud	1
ludicrous	1
lull	1
lying	1
mad	3
madness	2
mangles	1
manipulation	1
mar	424
meaningless	1
mediocre	1
mess	1
mislead	1
misleading	2
miss	4
missed	4
mist	2
mistake	1
misuse	1
molest	1
morbidly	1
moronic	1
mysteriously	1
negative	85
nervously	1
nonsense	3
notoriously	2
obese	1
obliterated	1
opposition	2
outbreak	3
outrageous	1
overthrow	1
pain	1
pan	2
panic	1
passe	2
pathetic	1
penalty	1
pillage	1
pique	1
pointless	2
poor	1
poverty	1
pretend	1
prison	2
problem	16
problems	3
propaganda	3
protest	2
protesting	1
punch	1
punish	1
punitive	1
puppet	1
radical	1
rage	1
randomly	2
refuse	1
refused	2
rejected	1
restriction	1
retard	1
retreat	1
ridicules	1
ridiculous	3
rip	1
ripoff	1
risk	10
risks	1
rival	1
rubbish	1
rumor	1
sad	1
sadly	2
sag	2
scam	5
scar	1
scare	1
scared	2
sceptical	2
scrap	4
screwed	2
shame	1
shit	5
shockingly	1
shortage	2
sick	7
sickness	5
silly	2
sin	68
skeptical	1
slow	2
sorry	3
steal	1
stolen	2
strain	1
strange	2
stress	2
stressful	1
strict	2
struggling	1
stuck	9
stupid	6
subdued	1
subjected	1
sucks	3
suffered	1
superficial	1
suppression	1
suspicious	1
symptom	10
symptoms	17
tank	1
taxing	1
tension	1
terrible	1
terror	1
testy	16
threat	2
tired	1
toll	4
tout	7
toxic	2
traitorous	1
trash	1
trick	1
tricky	1
trouble	1
troubles	1
tyranny	1
unable	2
unacceptable	2
unaccessible	1
unaffordable	1
unavailable	1
unbelievable	1
unfit	1
uninsured	1
unlikely	1
unnecessary	1
unpopular	1
unreliability	1
unreliable	6
unsafe	1
unsure	1
untenable	1
upset	1
urgent	2
useless	6
vain	1
vent	1
virus	95
warning	2
waste	3
wasted	2
weird	1
worrying	1
worse	4
worst	1
worthless	2
wrong	5
zap	1
