user,texttweets
absence	1
absurd	1
abuse	2
abuses	3
abysmal	1
addict	1
addicted	1
adverse	2
afraid	1
ailing	1
alarm	1
anarchy	1
anger	2
angry	1
annoying	2
anxiety	1
apocalyptic	1
appallingly	1
asinine	2
assault	2
attack	3
authoritarian	4
avalanche	1
awful	2
bad	38
badly	2
baffled	1
baffling	1
begging	1
bereavement	1
berserk	1
biased	2
bizarre	4
blame	6
blasted	1
bleed	1
blind	1
bloody	3
blow	1
blunder	1
bomb	1
bombardment	1
bonkers	3
bored	4
boring	1
bother	4
brainless	1
breach	1
break	14
breaking	21
breaks	2
broke	7
broken	2
bruising	1
brutal	1
brutally	1
brute	1
bs	9
bullshit	1
bungle	1
burning	2
burns	2
carnage	1
casualty	1
catastrophe	1
challenging	1
chaos	2
cheap	3
cheesy	1
chill	1
cold	7
collapse	1
collusion	1
complain	2
complaining	5
complaint	2
complaints	1
complex	2
complicated	2
concern	6
concerned	3
concerns	10
condemned	1
confined	1
confrontation	1
confused	6
confusing	3
confusion	6
cons	1
conservative	3
conspiracy	7
contagious	8
contradiction	2
controversial	1
corrupt	9
corrupted	1
corruption	4
crabby	1
crack	1
cramped	1
crap	6
crappy	2
crass	1
crazy	13
crime	3
criminal	1
crisis	12
critical	2
criticism	2
criticize	7
critics	1
crowded	3
crush	1
crushed	2
cry	39
cynical	1
damage	1
damaging	2
damn	2
danger	1
dangerous	13
dark	2
dead	16
deadly	8
death	25
debt	2
deceiving	1
decline	1
defy	1
delay	3
delayed	6
delays	1
delirium	2
delusional	1
demonic	1
denial	2
denied	6
dense	2
deny	3
denying	3
deplorable	1
depraved	1
depressed	2
desperate	2
deter	1
detriment	1
devastated	2
deviation	1
devil	1
dictator	1
die	13
died	20
difficult	1
dilemma	1
din	1
ding	4
dirty	2
disabled	2
disagree	1
disagreeing	1
disappoint	1
disappointed	2
disappointing	2
disaster	6
discontinued	1
discredit	1
discrimination	7
disgraced	1
disgusting	2
disheartening	1
dishonest	1
disparaging	1
dispute	1
disrespecting	1
disruptive	1
dissent	1
distract	1
distraction	1
disturbing	1
doom	1
doubt	7
doubtful	1
doubts	1
draconian	5
drones	1
drought	2
drunk	2
dumb	4
dumped	1
dying	7
embarrassment	1
emergency	7
epidemic	3
err	1
error	2
evil	6
excessive	2
exclusion	1
excuse	4
exhausted	1
expensive	8
expire	1
explode	1
extermination	1
failed	7
failing	3
fails	6
failure	7
failures	3
fake	8
fall	4
fallen	2
falling	4
fallout	1
falls	4
falsely	2
fanatical	1
farce	1
fascism	1
fat	1
fatal	4
fatigue	3
fault	3
faults	1
faulty	2
fear	10
fearful	1
fell	1
fever	4
filthy	1
finagle	1
flabbergasted	1
flaw	1
flawed	1
fleeing	2
fool	1
foolish	1
forfeit	5
fraudulent	1
freezes	1
freezing	1
frozen	1
frustrated	1
frustrating	1
fuck	8
fucking	4
funny	2
fury	2
fuss	1
garbage	3
grate	1
greed	4
grind	1
guilt	1
guilty	3
gullible	2
gutless	1
hacks	1
handicapped	1
hang	1
hangs	1
haphazard	1
harbors	1
hard	16
hardship	1
harm	2
harmed	1
harmful	1
harms	1
harsh	1
hassle	1
hassles	1
hate	2
hated	1
hater	1
havoc	3
headache	1
heck	3
hegemony	1
hell	14
hesitant	2
hoax	2
hopeless	1
horrible	1
horrific	2
hostage	5
hurting	2
hurts	1
hypocrisy	2
hypocrite	1
hypocritical	1
idiocy	1
idiot	2
idiots	2
ignorance	1
ignorant	6
ignore	4
illegal	8
illegally	4
illness	8
illogical	1
imaginary	1
immature	1
impending	1
impose	6
imposing	2
impossible	8
impoverished	1
inability	1
inaction	1
incompetence	3
incompetent	7
incomprehensible	1
inconsistent	1
inconvenience	1
indifferent	1
inequality	1
inevitably	1
inexorably	1
infamous	1
infected	32
infection	19
infections	11
infested	1
infuriating	8
inhuman	1
inhumane	3
insane	4
insanity	1
insufficient	1
invalid	1
invasive	2
involuntarily	1
involuntary	2
irked	1
irony	1
irregular	1
irrelevance	1
irrelevant	1
irresponsible	2
isolate	22
isolated	4
isolation	64
issue	17
issues	16
jam	2
jerk	2
joke	10
kill	3
killed	2
killer	2
killing	7
kills	3
kook	1
lack	7
leak	2
leaks	1
lengthy	3
liability	2
liars	1
lie	3
lied	2
lies	7
limit	1
limitations	2
limited	21
limits	3
lonely	2
loophole	1
loose	3
loot	4
lose	6
loses	4
losing	3
loss	5
lost	12
loud	1
ludicrous	2
lull	1
lunatic	1
lying	1
mad	2
madness	6
mar	121
massacre	1
measly	1
menace	1
mess	5
messed	1
messy	1
miserable	2
misery	1
misleading	3
miss	19
missed	7
mistake	4
mistakes	2
mock	2
mockery	1
moot	2
moron	1
murky	1
nag	5
needless	1
needlessly	1
negative	106
negatives	1
nightmare	2
noise	1
nonsense	3
notorious	2
object	2
oblivious	1
obnoxious	1
obsolete	1
odd	2
offensive	3
opponent	2
opportunistic	1
opposition	4
oppression	1
outbreak	13
outcry	1
outlaw	2
outrage	2
outrageous	1
overdue	1
overthrow	1
overwhelmed	1
overwhelming	1
pain	1
panic	4
panicked	1
partisan	1
pathetic	3
penalize	1
persecution	1
pessimistic	1
petrified	1
pigs	1
plague	3
pointless	3
poisonous	1
poor	4
poverty	1
predatory	1
prick	1
prison	8
prisoner	1
problem	20
problems	1
prohibit	3
propaganda	2
protest	8
protesting	10
protests	3
punish	2
puppets	1
rabid	1
racism	1
racist	10
radicals	1
rage	1
raging	2
rampant	2
rant	1
ranting	1
recession	1
refusal	2
refuse	7
refused	4
refuses	8
refusing	2
regret	1
regrets	1
reject	2
rejected	4
rejecting	1
reluctant	1
renounce	1
reprehensible	1
reproach	1
resistance	2
restless	1
restrict	3
restricted	4
restriction	14
restrictive	1
revert	1
revoke	1
rhetoric	1
ridiculous	10
rife	1
rigid	1
rip	4
risk	74
risks	2
risky	2
roadblocks	1
rubbish	1
rude	1
ruined	5
ruining	1
rumor	1
rumors	3
rumours	3
rusty	1
sabotage	1
sad	11
sadly	3
sag	2
sap	1
scandalously	1
scarce	1
scared	2
scarred	1
scary	1
scramble	2
scrap	3
scratchy	1
screwed	2
selfish	3
senseless	2
servitude	1
severe	4
severity	1
shambles	1
shame	5
shark	2
shit	11
shock	1
shocked	3
shocking	3
shortage	2
shortness	1
shrouded	1
sick	34
siege	1
sinister	2
slack	2
slap	1
slaughter	1
slave	1
slaves	1
sloppy	2
slow	4
slowest	1
slowly	1
smear	1
smell	2
smoke	4
sore	1
sorely	1
sorry	15
sour	2
spoil	1
standstill	1
stark	2
steal	2
stew	1
strain	8
straining	1
stranger	1
stress	4
strict	30
strike	2
stringent	1
struggling	1
stubbornness	1
stuck	13
stupid	13
stupidity	1
subjected	4
suck	2
sucks	4
sue	4
suffer	2
suffering	4
suicidal	2
suppress	1
suppression	1
surrender	1
suspect	8
swamped	1
symptom	7
symptoms	27
tangles	1
tantrum	2
temper	2
terrible	4
terror	1
terrorism	1
threat	6
threatening	1
threats	2
tired	4
toll	5
torture	2
totalitarian	1
toxic	1
tragic	1
trapped	1
trash	1
trashed	1
trick	1
trouble	3
tyrannical	1
tyranny	4
tyrant	1
unable	7
unacceptable	1
unbelievable	1
uncertain	1
unclear	1
uncontrolled	1
uncouth	1
underestimate	1
undocumented	1
undue	1
unethical	1
unfortunately	7
unhealthy	1
unknown	1
unlawful	2
unleash	3
unlikely	3
unnecessary	3
unnoticed	1
unreachable	1
unreasonable	2
unsettling	2
untested	4
untrue	1
unusual	2
unwilling	2
uprising	1
upset	5
upsetting	1
urgent	3
useless	1
vice	1
vile	1
villian	1
violation	1
violators	1
violent	2
virulent	2
virus	45
vulnerable	1
warned	1
warning	2
warp	1
waste	5
wasting	1
weak	1
weaken	3
weaker	1
weakness	1
weird	4
whine	3
whining	1
whiny	2
whips	1
wild	5
worried	2
worries	6
worry	6
worse	6
worst	14
worthless	1
wreak	2
wreck	1
wrestle	2
wrong	22
yawn	1
zombie	1
