user,texttweets
abolish	1
absurd	2
accuses	1
afraid	2
ailing	1
angry	1
annoying	1
anxiety	3
anxious	2
arbitrary	1
arduous	6
bad	10
badly	2
beware	1
bizarre	1
blame	1
bloody	1
blow	2
bored	1
bother	1
breach	2
break	2
breaking	21
broke	2
broken	1
bs	2
bug	1
bugs	1
burden	2
burns	2
bust	1
catastrophic	1
challenging	2
chaos	11
cheap	1
cold	1
collapse	1
complacent	1
complaint	1
complex	2
complicated	1
concern	8
concerned	2
concerns	9
conflict	1
conflicting	1
confront	4
confuse	1
confused	3
confusing	4
contaminated	1
contamination	2
corruption	2
cranky	14
crash	2
crashed	5
crashes	1
crazy	3
creeping	1
crisis	6
critical	2
cruel	2
damages	1
damn	1
dark	2
dead	1
death	9
debt	1
deceit	1
declining	1
delay	2
delayed	1
delays	1
denial	1
devil	1
die	1
died	2
dies	1
difficult	3
din	3
dire	1
disappointing	2
disaster	1
discrimination	1
discriminatory	1
disheartening	1
disquiet	1
doom	1
dope	2
doubt	1
draconian	2
dragging	1
drastically	5
droop	2
dumb	1
dying	2
elimination	1
embarrassing	1
emergency	4
evade	1
evil	1
exaggeration	1
exclusion	1
exorbitant	1
expensive	4
extravagant	1
extremists	1
fail	1
failed	3
failure	1
fall	3
falling	2
falls	1
faulty	1
fear	8
fears	5
fell	1
fool	3
forceful	1
freeze	98
freezes	9
freezing	1
fried	1
fright	1
frustrated	2
frustrating	2
frustration	1
fucking	2
furious	1
futility	1
glib	1
gloom	1
greed	2
gross	2
haphazard	1
harbors	1
hard	7
harpy	1
harsh	1
hassle	1
hatred	1
horrific	1
horrified	1
hostilities	1
hubris	1
humid	1
humiliation	1
hurt	2
hype	1
idiots	1
illness	2
illogical	1
impose	5
imposing	6
impossible	4
improbable	1
incoherence	2
infected	10
infection	10
infections	12
inhumane	1
insane	2
insanely	1
insanity	2
intermittent	1
intolerable	1
irony	1
irrelevant	1
isolate	10
isolated	2
isolation	24
issue	4
issues	6
jam	1
jealous	1
kill	1
killed	1
killing	2
lack	6
lacked	1
lament	2
leaks	2
lengthy	1
lethal	1
lie	1
lies	3
limit	10
limited	6
limits	2
lonely	3
loose	2
lose	2
lost	3
louder	1
madness	2
mar	227
mess	1
mirage	2
misleading	2
miss	2
mistake	1
mistaken	1
mistakes	1
moody	2
nag	2
naive	1
negative	65
nightmare	2
nightmarish	3
nonsense	2
obstacle	4
opponent	1
outbreak	27
outrage	1
outraged	1
overwhelm	2
overwhelmed	5
overwhelmingly	1
pan	1
pandering	1
panic	2
peculiar	1
penalty	2
pity	1
plea	1
pleas	1
poor	8
pretend	1
pricey	1
prison	3
problem	6
problems	1
protest	1
punch	2
punish	2
radical	2
randomly	2
reckless	1
refusal	1
refuse	1
refused	4
refuses	1
refusing	1
resigned	2
resistance	2
restricted	4
restriction	1
restrictive	2
revenge	1
revert	1
ridiculous	2
rigid	1
rip	1
risk	130
risks	3
risky	1
rival	5
rubbish	2
rumor	1
sad	5
sadly	2
scam	1
scare	1
scared	1
scoff	1
scrambled	1
scrap	4
scratchy	1
selfish	2
setback	2
severe	2
shake	3
shame	4
shark	1
shit	2
shock	4
shocked	1
shocking	1
sick	5
silly	2
sin	13
sink	1
slap	1
slow	3
slowly	7
sluggish	1
sneak	1
sob	1
sorry	6
spite	1
stall	1
steep	1
stigma	4
strain	4
strict	30
strike	2
stringent	3
struck	3
struggle	3
struggles	3
struggling	2
stuck	10
stumble	2
stupid	3
stupidity	2
stupidly	1
subjected	4
suffered	1
symptoms	7
tank	1
tease	1
tentatively	1
threat	6
tired	1
tiring	1
toll	2
tragedy	2
trap	1
trapped	1
troubled	1
troubling	1
ugh	2
ugly	1
unable	4
unbelievable	1
uncompromising	1
undermine	4
unfortunately	2
unjustified	1
unlikely	3
unlucky	1
unrealistic	1
unsure	1
unsustainable	1
untenable	1
untrue	1
unwilling	1
upset	2
urgent	2
vice	2
violator	1
violators	1
virus	21
vulnerable	2
warned	1
warning	1
wary	1
waste	1
weird	3
weirdly	1
worried	3
worry	1
worrying	1
worse	2
worsening	1
worst	4
wretched	1
wrong	5
