user,texttweets
abruptly	2
abuse	2
aggression	1
aggressive	2
alarm	1
anger	1
angry	2
annoying	1
apologist	1
appalling	1
arrogance	1
arrogantly	1
assassin	1
authoritarian	1
awful	3
bad	17
badly	1
banal	1
beware	1
bitch	4
bizarre	1
blame	4
bleeding	1
blind	1
bloody	3
bomb	1
bombardment	1
bonkers	1
bother	2
bothering	1
breach	3
break	2
breaking	16
breaks	1
broke	6
broken	3
brutal	2
brutality	2
bullshit	3
burned	1
callous	1
cancer	3
catastrophe	1
catastrophic	1
cave	1
challenging	1
chaos	1
cheap	1
chill	1
cold	5
complain	1
complaining	1
complex	2
complicated	2
concen	1
concern	1
concerned	1
concerns	4
condemned	1
confess	1
confined	1
conflicted	1
confused	2
conspiracy	3
contaminated	1
controversial	4
controversy	1
corrupt	2
costly	1
craziness	1
crazy	12
crisis	4
critical	7
criticize	1
criticized	1
criticizing	1
crowded	2
cruel	1
cruelty	1
crushed	1
cry	1
damn	1
danger	1
dangerous	4
dark	1
darker	2
dead	5
deadly	3
death	16
debacle	1
debt	3
deceptive	1
decline	1
declining	3
defamation	2
defiance	1
delayed	10
delaying	1
delays	1
delusional	1
denial	1
denied	2
deny	2
denying	2
depressed	2
despot	1
despotic	1
destruction	1
deter	1
detrimental	1
devastating	1
dictator	1
die	5
died	7
dies	4
difficult	2
din	2
ding	1
disadvantage	1
disaster	6
discourage	1
disgrace	2
disgraceful	1
disgusting	2
dismally	1
disobey	1
displaced	2
dissenter	1
dissidents	2
doomsday	1
doubt	2
downhill	4
draconian	2
dubious	2
dumb	2
dumped	2
dungeon	1
dust	1
dying	13
elimination	2
embarrass	1
embarrassing	1
emergency	8
enemy	1
epidemic	1
errors	2
evil	3
excessive	3
excuse	1
excuses	1
expel	1
expensive	7
expired	2
explode	1
extravagant	1
failed	15
failing	3
failure	6
failures	4
fake	2
fall	2
fallen	4
falling	1
falsely	1
faltered	1
fanatic	2
farce	1
fascist	2
faulty	1
fear	1
fell	1
fiction	1
filthy	1
fleeting	1
fool	2
fooled	1
freaking	1
freezing	1
fried	1
fright	2
frightening	1
frozen	2
fuck	1
fucking	3
futile	1
genocide	3
goon	1
gravely	1
grumpy	1
hack	1
hacks	2
hang	1
hard	40
harm	2
harsh	5
hate	1
hated	1
hates	2
heartbreaking	1
hell	6
hideous	1
horrendous	1
horrible	3
horrific	1
hurt	1
idiot	2
idiots	1
ignorance	1
ignorant	1
ignore	1
illegal	1
illogical	1
illusion	1
immoral	1
impatience	1
impending	1
impose	1
impossible	5
inaction	2
incompetence	2
incompetent	2
inconsistencies	1
inconsistent	1
incorrect	2
ineffective	1
ineligible	1
inevitable	1
infected	7
infection	10
infections	5
inhuman	1
injury	2
insane	6
insufficient	1
intense	2
intermittent	1
involuntarily	1
ironically	1
irony	2
irrelevant	1
isolate	16
isolated	5
isolation	81
issue	3
issues	7
jaded	1
jarring	1
joke	3
kill	1
killed	2
killer	2
kills	1
lack	7
lackadaisical	1
lagging	1
lapsed	1
leakage	2
leaking	2
leaks	2
leaky	2
lengthy	1
lethal	1
lied	1
lier	1
limit	1
limited	9
limits	3
lone	1
lose	1
loser	1
losing	1
loss	1
lost	9
ludicrous	2
lunatic	1
madness	6
mar	391
massacre	1
messed	1
misdirection	1
miserable	1
misery	1
misinterpret	1
misleading	1
miss	29
missed	16
misses	3
mistake	2
misuse	1
morons	1
mystery	2
myth	1
needless	1
negative	34
nightmare	1
noise	1
nonsense	4
obtuse	1
ominous	1
oppose	1
opposition	2
oppression	1
ordeal	1
outbreak	10
outraged	1
outrageous	2
outsider	1
overdue	1
overreach	1
overwhelmed	1
pain	2
painful	1
panic	1
paranoid	1
pariah	1
parody	1
persecution	1
pig	3
pigs	1
pity	2
plague	3
plot	1
pointless	1
poor	3
pretend	1
prison	14
problem	9
problems	3
prohibitive	1
propaganda	2
prosecute	2
protest	7
protests	2
punish	1
punitive	1
quash	1
queer	1
racists	2
rage	1
rampant	2
recession	1
redundant	3
refuse	2
refused	1
refuses	1
refusing	2
reprehensible	1
restricted	4
restriction	1
restrictive	2
revenge	1
ridiculous	9
ridiculously	3
rip	1
risk	12
rivalry	1
roadblocks	1
rot	1
rough	2
rubbish	1
rumors	1
sack	1
sacrificed	2
sad	3
sadly	1
scandal	1
scarcely	1
scary	1
scrambling	1
scrap	9
screwed	1
severe	3
severity	1
shame	5
shameful	1
shameless	1
shark	1
shit	5
sick	7
sickness	1
siege	1
silly	3
sinister	1
sinking	1
slap	2
slow	3
smug	1
sorry	10
sour	1
squash	1
stealing	1
stern	1
strained	1
stricken	1
strict	50
strike	20
stringent	2
struck	1
struggle	2
stuck	5
stupid	4
stupidity	1
subjected	2
succumb	1
suck	1
sucks	4
suffer	3
suffered	2
sunken	1
suppression	2
suspect	2
swamped	1
swelled	1
symptoms	2
tainted	1
terrible	1
terribly	1
threat	2
threats	1
tired	2
toll	8
totalitarian	2
trample	1
trap	1
trapped	6
trauma	1
treachery	1
tricky	2
troubling	1
turmoil	2
tyranny	4
unable	3
unacceptable	2
unavailable	3
unbelievable	4
undermine	1
unfortunate	1
unfortunately	5
unimaginable	1
unlikely	5
unnecessary	3
unpredictable	1
unrealistic	1
unwilling	1
urgent	1
useless	1
vague	1
vile	1
violent	1
virulent	1
virus	32
vulnerable	4
warned	2
warning	1
wary	1
waste	4
weird	1
wild	1
worried	2
worry	2
worse	6
worst	18
wrong	8
zealous	1
